
TRUNCATE TABLE user;
INSERT INTO user (id, name, password, email, role) VALUES (1, 'admin', '$2y$10$J/DF8J/Az8DiSEpXel18NOcN0qbYt5VSvKCc8oJFarXDtj7HkmCmK', 'admin@localhost', 'creator');

TRUNCATE TABLE audit_log;
INSERT INTO audit_log (user_id, client_ip, action) VALUES (1, INET_ATON('127.0.0.1'), 'Initialised system');

INSERT INTO project (id, name, description, is_template) VALUES
    (1, 'Linux host template', 'Project template to show general linux host reconnaissance tasks', TRUE),
    (2, 'Web server pentest project', 'Test project to show pentest tasks and reports', FALSE),
    (3, 'Linux host', 'Test project to show general linux host reconnaissance tasks', FALSE);

INSERT INTO target (project_id, name, kind) VALUES
    (1, 'test.com', 'webapp'),
    (2, '127.0.0.1', 'host');

INSERT INTO vulnerability (project_id, target_id, reported_by_uid, summary, risk) VALUES
    (1, 1, 1, 'Domain about to expire', 'medium'),
    (1, 2, 1, 'Open port (tcp/22)', 'medium'),
	(1, 2, 1, 'Test vulnerability #0', 'low'),
	(1, 2, 1, 'Test vulnerability #1', 'medium'),
	(1, 2, 1, 'Test vulnerability #2', 'medium'),
	(1, 2, 1, 'Test vulnerability #3', 'high'),
	(1, 2, 1, 'Test vulnerability #4', 'low'),
	(1, 2, 1, 'Test vulnerability #5', 'low'),
	(1, 2, 1, 'Test vulnerability #6', 'low'),
	(1, 2, 1, 'Test vulnerability #7', 'low'),
	(1, 2, 1, 'Test vulnerability #8', 'high'),
	(1, 2, 1, 'Test vulnerability #9', 'low'),
	(1, 2, 1, 'Test vulnerability #10', 'high'),
	(1, 2, 1, 'Test vulnerability #11', 'high'),
	(1, 2, 1, 'Test vulnerability #12', 'high'),
	(1, 2, 1, 'Test vulnerability #13', 'high'),
	(1, 2, 1, 'Test vulnerability #14', 'high'),
	(1, 2, 1, 'Test vulnerability #15', 'low'),
	(1, 2, 1, 'Test vulnerability #16', 'low'),
	(1, 2, 1, 'Test vulnerability #17', 'low'),
	(1, 2, 1, 'Test vulnerability #18', 'medium'),
	(1, 2, 1, 'Test vulnerability #19', 'high'),
	(1, 2, 1, 'Test vulnerability #20', 'medium'),
	(1, 2, 1, 'Test vulnerability #21', 'medium'),
	(1, 2, 1, 'Test vulnerability #22', 'high'),
	(1, 2, 1, 'Test vulnerability #23', 'medium'),
	(1, 2, 1, 'Test vulnerability #24', 'low'),
	(1, 2, 1, 'Test vulnerability #25', 'low'),
	(1, 2, 1, 'Test vulnerability #26', 'medium'),
	(1, 2, 1, 'Test vulnerability #27', 'medium'),
	(1, 2, 1, 'Test vulnerability #28', 'high'),
	(1, 2, 1, 'Test vulnerability #29', 'low'),
	(1, 2, 1, 'Test vulnerability #30', 'medium'),
	(1, 2, 1, 'Test vulnerability #31', 'high'),
	(1, 2, 1, 'Test vulnerability #32', 'medium'),
	(1, 2, 1, 'Test vulnerability #33', 'low'),
	(1, 2, 1, 'Test vulnerability #34', 'high'),
	(1, 2, 1, 'Test vulnerability #35', 'high'),
	(1, 2, 1, 'Test vulnerability #36', 'high'),
	(1, 2, 1, 'Test vulnerability #37', 'high'),
	(1, 2, 1, 'Test vulnerability #38', 'medium'),
	(1, 2, 1, 'Test vulnerability #39', 'high'),
	(1, 2, 1, 'Test vulnerability #40', 'low'),
	(1, 2, 1, 'Test vulnerability #41', 'low'),
	(1, 2, 1, 'Test vulnerability #42', 'low'),
	(1, 2, 1, 'Test vulnerability #43', 'medium'),
	(1, 2, 1, 'Test vulnerability #44', 'high'),
	(1, 2, 1, 'Test vulnerability #45', 'high'),
	(1, 2, 1, 'Test vulnerability #46', 'medium'),
	(1, 2, 1, 'Test vulnerability #47', 'medium'),
	(1, 2, 1, 'Test vulnerability #48', 'medium'),
	(1, 2, 1, 'Test vulnerability #49', 'low'),
	(1, 2, 1, 'Test vulnerability #50', 'medium'),
	(1, 2, 1, 'Test vulnerability #51', 'high'),
	(1, 2, 1, 'Test vulnerability #52', 'medium'),
	(1, 2, 1, 'Test vulnerability #53', 'high'),
	(1, 2, 1, 'Test vulnerability #54', 'low'),
	(1, 2, 1, 'Test vulnerability #55', 'low'),
	(1, 2, 1, 'Test vulnerability #56', 'high'),
	(1, 2, 1, 'Test vulnerability #57', 'medium'),
	(1, 2, 1, 'Test vulnerability #58', 'medium'),
	(1, 2, 1, 'Test vulnerability #59', 'low'),
	(1, 2, 1, 'Test vulnerability #60', 'low'),
	(1, 2, 1, 'Test vulnerability #61', 'low'),
	(1, 2, 1, 'Test vulnerability #62', 'medium'),
	(1, 2, 1, 'Test vulnerability #63', 'high'),
	(1, 2, 1, 'Test vulnerability #64', 'high'),
	(1, 2, 1, 'Test vulnerability #65', 'low'),
	(1, 2, 1, 'Test vulnerability #66', 'low'),
	(1, 2, 1, 'Test vulnerability #67', 'medium'),
	(1, 2, 1, 'Test vulnerability #68', 'medium'),
	(1, 2, 1, 'Test vulnerability #69', 'medium'),
	(1, 2, 1, 'Test vulnerability #70', 'medium'),
	(1, 2, 1, 'Test vulnerability #71', 'high'),
	(1, 2, 1, 'Test vulnerability #72', 'medium'),
	(1, 2, 1, 'Test vulnerability #73', 'low'),
	(1, 2, 1, 'Test vulnerability #74', 'medium'),
	(1, 2, 1, 'Test vulnerability #75', 'low'),
	(1, 2, 1, 'Test vulnerability #76', 'medium'),
	(1, 2, 1, 'Test vulnerability #77', 'low'),
	(1, 2, 1, 'Test vulnerability #78', 'low'),
	(1, 2, 1, 'Test vulnerability #79', 'high'),
	(1, 2, 1, 'Test vulnerability #80', 'low'),
	(1, 2, 1, 'Test vulnerability #81', 'medium'),
	(1, 2, 1, 'Test vulnerability #82', 'medium'),
	(1, 2, 1, 'Test vulnerability #83', 'low'),
	(1, 2, 1, 'Test vulnerability #84', 'high'),
	(1, 2, 1, 'Test vulnerability #85', 'high'),
	(1, 2, 1, 'Test vulnerability #86', 'medium'),
	(1, 2, 1, 'Test vulnerability #87', 'high'),
	(1, 2, 1, 'Test vulnerability #88', 'medium'),
	(1, 2, 1, 'Test vulnerability #89', 'medium'),
	(1, 2, 1, 'Test vulnerability #90', 'medium'),
	(1, 2, 1, 'Test vulnerability #91', 'low'),
	(1, 2, 1, 'Test vulnerability #92', 'high'),
	(1, 2, 1, 'Test vulnerability #93', 'low'),
	(1, 2, 1, 'Test vulnerability #94', 'medium'),
	(1, 2, 1, 'Test vulnerability #95', 'low'),
	(1, 2, 1, 'Test vulnerability #96', 'low'),
	(1, 2, 1, 'Test vulnerability #97', 'high'),
	(1, 2, 1, 'Test vulnerability #98', 'low'),
	(1, 2, 1, 'Test vulnerability #99', 'high');

INSERT INTO task (project_id, parser, name, description) VALUES
    (1, 'nmap', 'Run port scanner', 'nmap -oX out.xml -v -sS @@TARGET@@'),
    (1, 'sqlmap', 'Run SQL injection scanner', 'python sqlmap.py -u @@TARGET@@ --method POST --data "username=foo&password=bar" -p username --level 5 --dbms=mysql -v 1 --tables'),
    (1, NULL, 'Check domain expiration date', 'whois @@TARGET@@'),
    (3, 'nmap', 'Run port scanner', 'nmap -oX out.xml -v -sS @@TARGET@@'),
    (3, 'sqlmap', 'Run SQL injection scanner', 'python sqlmap.py -u @@TARGET@@ --method POST --data "username=foo&password=bar" -p username --level 5 --dbms=mysql -v 1 --tables'),
    (3, NULL, 'Check domain expiration date', 'whois @@TARGET@@');

INSERT INTO task_result (task_id, submitted_by_uid, output) VALUES
    (1, 1, 'tcp/22: open, tcp/80: open'),
    (1, 2, 'Domain expires in 22 days');
